0	NONHSAT001159.2
1	NONHSAT001461.2
2	NONHSAT001464.2
3	NONHSAT001465.2
4	NONHSAT001468.2
5	NONHSAT001952.2
6	NONHSAT001955.2
7	NONHSAT001967.2
8	NONHSAT001968.2
9	NONHSAT001969.2
10	NONHSAT001970.2
11	NONHSAT001971.2
12	NONHSAT001972.2
13	NONHSAT001973.2
14	NONHSAT001974.2
15	NONHSAT001975.2
16	NONHSAT001976.2
17	NONHSAT001981.2
18	NONHSAT005570.2
19	NONHSAT007662.2
20	NONHSAT007664.2
21	NONHSAT007666.2
22	NONHSAT007667.2
23	NONHSAT007668.2
24	NONHSAT007669.2
25	NONHSAT007670.2
26	NONHSAT007671.2
27	NONHSAT007672.2
28	NONHSAT007673.2
29	NONHSAT007675.2
30	NONHSAT007680.2
31	NONHSAT007681.2
32	NONHSAT007682.2
33	NONHSAT007683.2
34	NONHSAT007684.2
35	NONHSAT007688.2
36	NONHSAT007690.2
37	NONHSAT007691.2
38	NONHSAT007693.2
39	NONHSAT007695.2
40	NONHSAT007698.2
41	NONHSAT007699.2
42	NONHSAT007701.2
43	NONHSAT011260.2
44	NONHSAT012871.2
45	NONHSAT012876.2
46	NONHSAT015423.2
47	NONHSAT016522.2
48	NONHSAT016523.2
49	NONHSAT016525.2
50	NONHSAT016526.2
51	NONHSAT016527.2
52	NONHSAT016550.2
53	NONHSAT016552.2
54	NONHSAT016554.2
55	NONHSAT017460.2
56	NONHSAT017462.2
57	NONHSAT017463.2
58	NONHSAT017464.2
59	NONHSAT017465.2
60	NONHSAT017467.2
61	NONHSAT017468.2
62	NONHSAT017469.2
63	NONHSAT017470.2
64	NONHSAT017471.2
65	NONHSAT017472.2
66	NONHSAT017473.2
67	NONHSAT017474.2
68	NONHSAT017523.2
69	NONHSAT021824.2
70	NONHSAT021825.2
71	NONHSAT021827.2
72	NONHSAT021828.2
73	NONHSAT021830.2
74	NONHSAT021831.2
75	NONHSAT021832.2
76	NONHSAT021834.2
77	NONHSAT021835.2
78	NONHSAT021836.2
79	NONHSAT021837.2
80	NONHSAT021839.2
81	NONHSAT021840.2
82	NONHSAT021841.2
83	NONHSAT021844.2
84	NONHSAT021846.2
85	NONHSAT021847.2
86	NONHSAT021848.2
87	NONHSAT021851.2
88	NONHSAT021853.2
89	NONHSAT021854.2
90	NONHSAT021856.2
91	NONHSAT022109.2
92	NONHSAT022112.2
93	NONHSAT022125.2
94	NONHSAT022132.2
95	NONHSAT022145.2
96	NONHSAT023656.2
97	NONHSAT026096.2
98	NONHSAT028507.2
99	NONHSAT028509.2
100	NONHSAT028510.2
101	NONHSAT028513.2
102	NONHSAT028514.2
103	NONHSAT030335.2
104	NONHSAT030944.2
105	NONHSAT030947.2
106	NONHSAT033787.2
107	NONHSAT033793.2
108	NONHSAT033795.2
109	NONHSAT033798.2
110	NONHSAT033804.2
111	NONHSAT033805.2
112	NONHSAT034587.2
113	NONHSAT034588.2
114	NONHSAT034665.2
115	NONHSAT034666.2
116	NONHSAT034667.2
117	NONHSAT035663.2
118	NONHSAT035664.2
119	NONHSAT039734.2
120	NONHSAT039738.2
121	NONHSAT039742.2
122	NONHSAT039744.2
123	NONHSAT039745.2
124	NONHSAT039746.2
125	NONHSAT039747.2
126	NONHSAT039748.2
127	NONHSAT039754.2
128	NONHSAT039755.2
129	NONHSAT039756.2
130	NONHSAT039757.2
131	NONHSAT039761.2
132	NONHSAT039762.2
133	NONHSAT039763.2
134	NONHSAT039764.2
135	NONHSAT039767.2
136	NONHSAT039771.2
137	NONHSAT039772.2
138	NONHSAT039774.2
139	NONHSAT039775.2
140	NONHSAT039783.2
141	NONHSAT039784.2
142	NONHSAT039802.2
143	NONHSAT039809.2
144	NONHSAT039812.2
145	NONHSAT039813.2
146	NONHSAT039815.2
147	NONHSAT039832.2
148	NONHSAT039834.2
149	NONHSAT039835.2
150	NONHSAT039853.2
151	NONHSAT039854.2
152	NONHSAT039855.2
153	NONHSAT039869.2
154	NONHSAT039875.2
155	NONHSAT039877.2
156	NONHSAT040286.2
157	NONHSAT051728.2
158	NONHSAT055670.2
159	NONHSAT055671.2
160	NONHSAT055673.2
161	NONHSAT055676.2
162	NONHSAT055683.2
163	NONHSAT055684.2
164	NONHSAT055688.2
165	NONHSAT055690.2
166	NONHSAT055692.2
167	NONHSAT055694.2
168	NONHSAT055698.2
169	NONHSAT055700.2
170	NONHSAT055703.2
171	NONHSAT055705.2
172	NONHSAT056041.2
173	NONHSAT056042.2
174	NONHSAT056044.2
175	NONHSAT056045.2
176	NONHSAT056047.2
177	NONHSAT056048.2
178	NONHSAT056049.2
179	NONHSAT057057.2
180	NONHSAT057061.2
181	NONHSAT057067.2
182	NONHSAT057068.2
183	NONHSAT057073.2
184	NONHSAT060692.2
185	NONHSAT061535.2
186	NONHSAT061539.2
187	NONHSAT061540.2
188	NONHSAT061612.2
189	NONHSAT061644.2
190	NONHSAT061645.2
191	NONHSAT063962.2
192	NONHSAT063966.2
193	NONHSAT063968.2
194	NONHSAT063991.2
195	NONHSAT063992.2
196	NONHSAT063996.2
197	NONHSAT065985.2
198	NONHSAT065988.2
199	NONHSAT065989.2
200	NONHSAT065991.2
201	NONHSAT065996.2
202	NONHSAT079672.2
203	NONHSAT079673.2
204	NONHSAT079674.2
205	NONHSAT079675.2
206	NONHSAT079676.2
207	NONHSAT079677.2
208	NONHSAT079678.2
209	NONHSAT079680.2
210	NONHSAT079681.2
211	NONHSAT079682.2
212	NONHSAT079683.2
213	NONHSAT079684.2
214	NONHSAT079685.2
215	NONHSAT079688.2
216	NONHSAT080205.2
217	NONHSAT080206.2
218	NONHSAT080207.2
219	NONHSAT080208.2
220	NONHSAT080209.2
221	NONHSAT080210.2
222	NONHSAT080212.2
223	NONHSAT081834.2
224	NONHSAT081835.2
225	NONHSAT081836.2
226	NONHSAT081838.2
227	NONHSAT081839.2
228	NONHSAT081841.2
229	NONHSAT081846.2
230	NONHSAT081847.2
231	NONHSAT081848.2
232	NONHSAT081849.2
233	NONHSAT081850.2
234	NONHSAT082407.2
235	NONHSAT082408.2
236	NONHSAT082419.2
237	NONHSAT082420.2
238	NONHSAT082421.2
239	NONHSAT082422.2
240	NONHSAT082432.2
241	NONHSAT082905.2
242	NONHSAT082906.2
243	NONHSAT083172.2
244	NONHSAT083173.2
245	NONHSAT084508.2
246	NONHSAT084509.2
247	NONHSAT084510.2
248	NONHSAT084511.2
249	NONHSAT084512.2
250	NONHSAT084513.2
251	NONHSAT084515.2
252	NONHSAT084516.2
253	NONHSAT084517.2
254	NONHSAT084518.2
255	NONHSAT084526.2
256	NONHSAT084527.2
257	NONHSAT084528.2
258	NONHSAT084529.2
259	NONHSAT087925.2
260	NONHSAT096369.2
261	NONHSAT096375.2
262	NONHSAT096376.2
263	NONHSAT097972.2
264	NONHSAT097973.2
265	NONHSAT097974.2
266	NONHSAT097975.2
267	NONHSAT097976.2
268	NONHSAT102657.2
269	NONHSAT102659.2
270	NONHSAT102660.2
271	NONHSAT102661.2
272	NONHSAT102662.2
273	NONHSAT102663.2
274	NONHSAT102664.2
275	NONHSAT102666.2
276	NONHSAT102667.2
277	NONHSAT102668.2
278	NONHSAT102669.2
279	NONHSAT102671.2
280	NONHSAT102673.2
281	NONHSAT102674.2
282	NONHSAT102675.2
283	NONHSAT102676.2
284	NONHSAT105836.2
285	NONHSAT105837.2
286	NONHSAT105839.2
287	NONHSAT105840.2
288	NONHSAT105842.2
289	NONHSAT108320.2
290	NONHSAT108321.2
291	NONHSAT108326.2
292	NONHSAT108327.2
293	NONHSAT108608.2
294	NONHSAT108768.2
295	NONHSAT108774.2
296	NONHSAT108775.2
297	NONHSAT112463.2
298	NONHSAT112464.2
299	NONHSAT112472.2
300	NONHSAT112475.2
301	NONHSAT113295.2
302	NONHSAT113296.2
303	NONHSAT113312.2
304	NONHSAT113313.2
305	NONHSAT113314.2
306	NONHSAT113315.2
307	NONHSAT113849.2
308	NONHSAT113851.2
309	NONHSAT113854.2
310	NONHSAT113857.2
311	NONHSAT113860.2
312	NONHSAT113861.2
313	NONHSAT113862.2
314	NONHSAT113863.2
315	NONHSAT113865.2
316	NONHSAT113866.2
317	NONHSAT116016.2
318	NONHSAT116018.2
319	NONHSAT116019.2
320	NONHSAT116021.2
321	NONHSAT116022.2
322	NONHSAT116228.2
323	NONHSAT119664.2
324	NONHSAT119665.2
325	NONHSAT119666.2
326	NONHSAT119667.2
327	NONHSAT120414.2
328	NONHSAT120415.2
329	NONHSAT120416.2
330	NONHSAT120417.2
331	NONHSAT120419.2
332	NONHSAT120420.2
333	NONHSAT120421.2
334	NONHSAT120422.2
335	NONHSAT120423.2
336	NONHSAT120518.2
337	NONHSAT121155.2
338	NONHSAT121170.2
339	NONHSAT121188.2
340	NONHSAT121190.2
341	NONHSAT121825.2
342	NONHSAT121826.2
343	NONHSAT121828.2
344	NONHSAT121829.2
345	NONHSAT124553.2
346	NONHSAT124554.2
347	NONHSAT124555.2
348	NONHSAT124557.2
349	NONHSAT124969.2
350	NONHSAT124971.2
351	NONHSAT124973.2
352	NONHSAT124974.2
353	NONHSAT129050.2
354	NONHSAT129051.2
355	NONHSAT129052.2
356	NONHSAT129053.2
357	NONHSAT129056.2
358	NONHSAT129058.2
359	NONHSAT129060.2
360	NONHSAT129063.2
361	NONHSAT129064.2
362	NONHSAT129065.2
363	NONHSAT129074.2
364	NONHSAT129075.2
365	NONHSAT133392.2
366	NONHSAT133397.2
367	NONHSAT133401.2
368	NONHSAT133402.2
369	NONHSAT134613.2
370	NONHSAT135575.2
371	NONHSAT135577.2
372	NONHSAT135580.2
373	NONHSAT135582.2
374	NONHSAT137541.2
375	NONHSAT137542.2
376	NONHSAT137558.2
377	NONHSAT137559.2
378	NONHSAT137566.2
379	NONHSAT137567.2
380	NONHSAT137568.2
381	NONHSAT137569.2
382	NONHSAT137570.2
383	NONHSAT137572.2
384	NONHSAT137573.2
385	NONHSAT137574.2
386	NONHSAT137575.2
387	NONHSAT137576.2
388	NONHSAT137987.2
389	NONHSAT137988.2
390	NONHSAT137991.2
391	NONHSAT138007.2
392	NONHSAT139487.2
393	NONHSAT139488.2
394	NONHSAT139491.2
395	NONHSAT144204.2
396	NONHSAT144212.2
397	NONHSAT144213.2
398	NONHSAT144214.2
399	NONHSAT145320.2
400	NONHSAT145321.2
401	NONHSAT146441.2
402	NONHSAT146442.2
403	NONHSAT147216.2
404	NONHSAT147217.2
405	NONHSAT151184.1
406	NONHSAT167026.1
407	NONHSAT167029.1
408	NONHSAT167030.1
409	NONHSAT177375.1
410	NONHSAT180380.1
411	NONHSAT190904.1
412	NONHSAT190907.1
413	NONHSAT190909.1
414	NONHSAT191947.1
415	NONHSAT191948.1
416	NONHSAT191992.1
417	NONHSAT208951.1
418	NONHSAT213690.1
