26	447
111	514
136	509
230	533
258	580
53	456
381	571
139	652
306	665
336	544
66	439
267	641
68	604
89	512
372	419
6	599
312	650
353	449
168	451
279	446
372	673
167	509
10	584
266	535
62	586
114	503
416	580
352	594
96	587
31	667
326	440
386	543
407	427
75	448
335	514
153	612
388	521
286	658
132	583
283	561
256	549
184	679
175	650
408	681
86	439
246	453
302	533
105	523
416	467
262	566
81	532
391	608
283	654
243	676
87	574
37	555
69	545
261	617
285	504
164	490
85	588
192	675
403	674
282	487
143	658
83	505
224	637
320	474
301	654
381	553
14	432
229	580
275	617
227	664
61	468
265	488
355	558
73	638
368	641
205	669
83	529
256	463
141	512
364	534
293	544
195	444
411	566
287	612
144	662
28	590
31	573
225	538
167	580
389	486
153	449
266	525
325	649
207	501
84	548
32	428
337	523
190	450
18	632
141	509
84	499
260	439
23	447
285	660
188	503
36	664
393	649
172	475
379	636
79	528
343	600
288	610
282	482
78	581
137	538
340	656
353	554
111	603
355	559
98	504
80	623
329	436
1	528
26	545
339	446
368	587
222	469
238	585
182	556
31	629
383	579
3	675
246	532
158	467
131	603
312	471
201	571
306	570
410	552
142	637
384	564
56	488
266	464
34	597
266	526
20	642
132	496
174	432
254	493
413	481
267	510
365	513
14	669
220	482
255	640
359	608
51	521
251	472
359	436
363	637
370	615
128	517
130	517
254	657
132	595
191	466
283	458
351	598
360	438
383	463
277	472
352	602
265	534
71	589
22	565
191	586
345	473
15	506
145	455
411	609
147	656
100	667
395	543
227	464
153	488
406	430
42	627
124	480
407	516
306	539
70	675
235	627
122	552
342	528
256	460
81	573
247	505
363	619
141	532
275	522
205	588
80	583
94	646
105	636
322	558
365	503
38	584
401	501
150	433
259	493
58	536
200	636
101	616
205	557
128	678
351	469
22	592
276	440
210	581
313	630
387	516
259	670
227	626
272	534
143	452
9	445
335	561
117	454
360	591
341	458
169	492
251	488
259	600
218	502
353	656
80	578
80	446
308	432
110	545
16	585
262	559
262	650
188	552
351	490
14	640
169	640
205	621
52	615
385	638
378	524
403	473
13	671
412	521
328	433
50	601
304	546
233	586
30	550
383	499
37	420
169	651
395	581
240	646
327	452
102	563
192	442
392	619
381	470
189	592
231	437
248	498
411	512
51	595
223	479
37	506
27	439
171	609
404	589
347	666
110	609
118	645
28	554
64	565
21	565
122	568
234	490
413	680
29	522
319	547
372	446
204	647
361	670
8	430
355	521
49	620
391	543
179	424
136	440
105	434
308	522
125	607
207	669
97	637
230	462
18	512
396	513
399	640
320	440
193	585
207	580
251	561
318	601
39	458
118	423
238	442
141	463
177	680
138	518
416	651
306	496
312	488
284	539
237	607
8	538
146	666
383	667
331	490
2	549
288	554
272	625
208	632
402	616
277	483
79	480
135	539
286	575
172	673
145	517
387	475
190	467
191	541
243	558
309	649
187	623
242	623
262	516
151	501
222	582
99	658
267	642
288	578
114	540
271	478
113	596
392	594
362	652
199	554
140	456
59	575
413	421
203	446
157	591
50	603
315	458
184	618
249	655
201	454
173	540
227	500
262	427
398	673
62	635
129	442
117	520
252	486
224	662
222	569
83	477
414	613
85	430
9	489
337	526
13	650
407	636
31	561
227	541
10	633
1	509
67	441
41	576
89	496
347	609
149	659
302	493
22	435
33	580
59	669
81	459
151	543
7	609
352	522
363	435
154	588
59	450
381	623
55	584
333	452
180	586
48	624
53	673
344	519
369	646
271	681
65	600
54	498
161	613
161	553
282	622
69	638
2	591
154	629
86	558
122	580
406	569
0	603
205	546
357	463
17	571
117	654
398	428
222	521
259	671
144	622
23	448
308	611
395	624
358	668
290	539
252	674
65	443
15	520
305	644
0	545
24	631
50	555
380	456
9	421
37	514
201	597
65	637
145	465
344	617
134	642
401	431
324	420
49	550
169	429
232	607
298	480
20	577
134	510
140	570
77	534
51	508
172	581
324	454
161	594
240	475
209	435
114	553
96	635
330	483
259	563
50	501
336	419
267	529
256	450
84	497
234	446
390	595
153	490
79	457
202	601
197	436
261	419
353	452
221	447
310	597
103	541
159	646
319	468
90	496
99	435
63	634
151	667
368	618
65	526
149	624
292	661
107	428
203	584
52	451
333	495
153	491
155	524
79	451
223	612
187	545
248	595
301	527
188	466
315	576
170	579
363	525
165	430
293	633
382	611
21	610
68	447
367	631
195	677
77	655
288	599
1	454
241	480
290	572
278	636
252	441
195	588
241	677
389	534
19	611
44	630
73	486
240	519
201	665
1	658
331	555
365	570
101	438
159	628
7	533
200	651
278	600
27	652
209	539
362	635
50	481
274	584
252	666
102	471
67	531
44	523
413	556
47	556
125	526
96	541
103	575
0	502
352	503
314	570
222	660
264	489
366	488
133	468
42	571
64	558
229	484
225	665
208	445
170	444
168	612
388	472
261	662
19	433
157	424
368	604
344	626
309	497
280	600
287	421
91	498
396	496
343	494
106	510
137	464
410	635
256	507
57	603
40	483
204	444
2	558
46	483
396	480
235	450
238	435
35	473
355	523
290	501
330	660
416	429
310	615
380	637
321	482
125	650
348	661
170	634
109	426
224	492
307	456
40	672
225	498
204	480
281	460
130	672
126	671
368	499
402	536
311	609
387	655
285	678
139	491
107	572
213	556
386	468
148	591
107	663
261	499
188	494
356	655
322	520
351	671
164	588
118	537
412	461
301	615
393	615
382	585
27	510
296	586
99	664
163	476
230	421
122	596
262	441
47	563
406	457
387	500
298	580
206	533
12	557
170	632
243	592
129	597
410	495
401	459
217	507
277	669
405	668
62	551
285	547
327	455
127	458
342	507
150	584
95	438
186	610
209	647
235	502
36	429
330	480
290	480
373	625
274	440
233	520
322	564
361	518
287	453
41	554
145	606
362	524
201	484
77	528
353	575
113	610
220	590
342	664
44	443
258	463
90	552
416	644
411	606
91	455
128	468
265	649
18	592
409	681
330	577
393	445
254	492
316	529
398	429
149	582
32	462
345	434
368	643
362	572
81	422
336	529
364	631
60	644
238	650
52	508
135	537
220	558
136	457
336	431
304	558
145	545
222	598
56	618
104	534
356	440
30	540
325	647
230	602
107	646
238	659
277	450
201	533
79	602
326	594
86	464
26	461
37	599
222	668
347	680
226	650
272	611
24	671
163	605
6	601
16	676
318	639
3	640
271	658
76	604
274	467
327	447
264	582
111	442
399	535
371	552
227	486
192	604
415	641
314	484
395	602
194	510
279	441
383	598
42	455
184	437
415	520
97	669
199	431
82	529
353	444
339	526
158	633
118	626
18	553
383	569
230	431
20	458
240	460
34	469
265	661
83	510
143	602
295	429
153	522
339	529
99	655
338	483
407	448
372	431
389	521
102	605
18	495
409	656
261	451
387	438
302	520
249	529
283	633
261	426
128	429
334	466
337	532
31	584
267	559
189	556
349	608
158	439
353	496
130	469
175	484
193	646
90	441
151	510
303	636
186	549
180	495
186	662
42	463
385	520
142	547
171	522
49	611
215	581
31	550
185	547
326	574
212	436
276	462
240	582
414	528
19	596
61	601
240	513
154	620
57	588
418	451
204	427
385	579
362	546
189	628
191	424
51	578
28	668
272	527
244	459
284	602
291	655
44	583
77	454
326	646
363	608
96	580
50	432
190	440
283	426
120	480
105	510
131	601
141	661
76	603
263	666
140	469
240	635
256	568
7	520
175	445
194	527
122	510
355	552
123	446
418	541
392	447
200	438
268	567
390	509
284	532
6	551
32	458
260	635
57	657
140	525
115	573
46	589
34	625
213	571
202	535
11	569
365	520
329	528
348	486
158	679
88	468
150	658
207	597
230	459
119	545
127	536
304	519
339	528
200	520
343	517
295	669
29	641
8	673
218	640
194	672
157	422
353	649
159	680
190	640
18	537
267	561
319	454
165	474
411	446
102	623
205	619
63	486
147	443
51	489
151	582
345	589
127	613
117	444
156	554
1	436
207	607
234	604
155	655
49	476
342	472
247	548
205	678
180	566
246	491
337	497
329	588
363	620
69	512
186	668
200	671
299	508
165	617
303	514
58	537
240	668
394	543
0	626
200	679
414	487
162	445
270	503
364	607
128	445
363	534
271	555
151	433
48	625
180	538
138	575
212	633
397	587
98	594
243	606
51	484
374	595
392	464
138	647
402	472
407	567
108	501
220	608
180	622
264	569
26	481
384	619
224	526
103	485
212	673
108	514
171	598
260	481
272	570
206	527
202	595
277	643
166	614
301	590
253	580
185	654
67	608
308	594
26	589
390	631
275	607
225	612
16	631
380	437
389	532
77	629
344	419
333	565
283	649
11	448
92	551
402	599
242	563
25	576
392	590
19	597
168	512
344	634
79	438
412	427
155	581
343	513
58	584
122	603
4	529
197	662
292	590
370	479
353	521
38	600
65	466
408	608
308	480
124	522
117	498
248	444
5	674
226	631
104	537
320	649
228	649
378	581
106	585
64	681
80	516
150	515
97	588
151	559
226	622
368	531
143	537
406	596
157	561
256	624
37	467
176	602
406	665
108	485
296	502
367	426
53	623
118	448
217	633
111	527
325	487
241	533
54	469
53	529
348	624
220	540
150	581
116	675
35	656
82	618
157	652
185	620
22	457
311	566
344	545
190	572
327	575
67	644
344	482
115	586
400	479
381	660
81	593
339	569
279	546
394	557
257	472
296	667
186	607
25	571
18	627
351	626
323	493
251	505
77	429
108	668
282	623
15	596
255	643
248	534
415	471
62	427
219	660
215	437
245	608
398	448
306	632
321	587
39	678
287	502
165	574
318	632
88	526
168	668
228	511
277	633
210	430
225	562
194	581
6	420
391	630
142	613
7	661
209	616
356	610
165	434
250	680
121	432
241	668
105	454
255	544
58	552
90	523
186	475
169	552
218	585
168	453
268	470
161	638
136	497
220	484
270	628
65	497
282	558
369	581
131	628
169	677
81	536
3	635
21	602
367	497
52	580
176	428
21	581
66	442
257	452
67	549
131	658
91	453
265	556
325	607
7	431
67	646
53	635
94	627
97	436
277	574
389	674
315	578
268	641
218	668
2	444
270	570
256	468
401	450
297	605
298	489
228	445
194	464
234	500
394	635
152	654
185	489
300	614
327	510
244	505
123	641
264	647
250	507
16	479
321	500
221	438
24	613
192	601
136	512
75	459
140	465
21	592
203	483
195	499
403	567
241	509
292	506
203	622
366	564
242	442
375	526
0	454
3	669
411	432
322	484
74	545
141	596
176	527
402	572
281	454
312	609
367	481
1	555
397	580
71	673
74	646
359	541
327	619
104	459
367	650
12	668
45	438
241	485
270	673
417	499
188	633
13	447
367	663
311	668
39	559
328	493
147	481
135	435
104	671
241	540
55	510
255	484
203	640
182	530
326	498
280	549
344	486
349	439
217	596
240	560
69	446
373	570
124	506
87	523
79	463
403	509
382	612
343	456
128	559
142	512
298	681
399	536
302	477
71	540
340	520
49	588
414	441
128	569
205	502
184	452
353	461
138	677
402	625
171	441
322	453
79	511
189	534
159	632
20	670
390	420
120	463
148	674
243	633
179	616
86	447
154	641
232	610
108	635
5	633
298	659
314	501
4	477
293	680
405	466
48	440
97	644
8	672
329	659
383	635
274	521
46	679
50	582
284	434
182	671
342	649
310	659
350	593
70	542
410	628
67	609
70	577
399	528
0	607
63	626
417	444
274	544
281	421
213	680
302	426
257	588
237	667
165	487
50	659
35	618
246	559
350	636
265	551
85	628
278	628
399	672
56	454
215	624
54	579
385	625
87	670
57	590
36	443
129	495
284	485
216	631
80	536
33	608
251	486
287	543
73	491
373	574
51	556
314	498
156	626
296	627
244	441
221	646
374	457
394	602
266	555
96	471
50	544
33	458
49	637
287	561
39	585
249	456
240	572
36	569
381	479
9	543
61	534
369	549
332	651
218	465
196	490
211	661
384	675
181	667
242	465
221	589
319	558
112	502
365	577
202	518
414	603
369	446
247	447
155	442
133	625
411	462
359	456
324	676
283	565
182	646
345	559
248	606
122	557
259	593
399	652
17	613
270	604
175	584
56	671
292	489
364	429
279	549
163	592
37	664
393	462
172	587
5	560
76	588
383	536
172	476
99	442
94	539
241	653
351	524
250	472
138	442
144	598
53	488
242	434
399	600
147	494
361	466
192	507
114	629
18	677
90	672
292	434
209	555
401	593
125	541
76	653
418	560
97	595
78	678
286	657
123	546
373	537
365	496
300	454
217	638
283	509
308	584
76	555
305	421
159	540
239	428
66	610
211	599
396	419
388	628
200	641
353	548
368	596
241	542
185	541
397	540
79	551
144	544
135	432
135	448
201	554
323	440
210	617
160	441
310	485
207	459
403	520
269	447
212	658
334	471
89	665
384	505
150	537
344	585
399	515
32	464
336	629
86	631
337	576
51	459
273	518
10	648
413	631
322	451
208	627
406	540
256	504
241	524
204	627
300	468
276	420
182	680
59	535
310	668
183	451
30	477
150	496
127	584
186	611
135	635
394	454
147	623
162	619
208	546
290	655
403	660
70	626
293	526
149	474
352	465
280	474
175	532
15	664
338	676
355	613
347	458
319	672
241	431
64	673
229	617
342	612
344	539
411	508
326	550
200	433
340	551
103	581
6	544
17	578
395	628
55	630
183	515
63	577
165	561
153	478
85	564
200	518
208	640
21	629
133	515
111	433
396	502
112	497
190	592
298	481
78	668
238	513
203	431
300	481
131	522
76	503
229	634
344	641
64	538
177	610
229	433
391	423
15	430
151	496
58	615
232	499
405	513
177	632
35	546
406	423
162	653
214	435
5	516
405	645
412	536
20	513
119	666
100	472
358	534
417	500
385	669
206	575
305	628
409	487
142	436
325	661
50	638
200	645
214	541
275	569
285	426
215	473
412	509
405	607
324	538
46	517
245	529
247	520
154	505
36	625
267	459
25	619
24	506
144	651
241	432
334	486
30	491
306	428
378	486
103	634
31	454
48	545
256	599
81	461
29	524
338	567
415	608
398	481
6	451
242	519
308	501
88	503
349	537
60	627
273	655
233	589
314	485
355	550
141	472
242	454
126	493
289	539
231	458
57	534
75	586
208	493
351	493
413	619
362	570
32	551
35	550
246	590
45	466
215	617
157	666
127	581
301	566
30	565
253	668
219	631
223	568
78	516
134	556
276	435
312	452
109	670
52	490
327	457
37	660
142	428
257	499
257	594
298	595
69	575
404	503
150	575
222	470
329	640
387	432
138	594
17	573
319	420
354	542
77	633
304	536
102	519
49	442
158	619
64	468
400	612
349	520
169	504
332	490
291	518
318	438
130	435
207	667
241	598
47	579
122	670
115	640
128	610
51	460
62	673
191	523
227	454
396	660
231	564
156	602
271	440
19	496
280	435
310	606
129	644
25	520
334	446
134	524
184	583
29	640
9	619
184	608
378	652
25	516
303	491
313	662
224	509
34	559
94	471
248	471
118	581
321	521
35	466
199	472
132	456
326	581
51	669
270	557
296	666
161	661
385	543
84	436
327	639
97	609
219	639
193	622
334	670
282	585
14	542
36	456
369	525
106	668
189	424
291	653
351	622
317	627
298	554
36	496
262	512
171	534
96	650
158	532
395	675
235	618
49	528
219	580
14	457
86	657
181	427
247	442
225	532
162	669
346	606
282	481
213	508
134	614
41	497
324	459
92	482
223	450
230	675
395	587
344	569
248	593
190	633
199	530
283	510
81	630
112	504
363	584
366	576
81	548
26	638
376	480
385	436
131	561
24	465
155	465
249	656
355	671
64	635
41	466
357	672
161	516
87	603
405	422
233	521
229	534
331	470
229	595
146	484
257	645
343	668
392	560
128	605
33	564
365	637
365	566
258	467
291	620
52	430
19	669
317	567
369	586
288	672
6	425
375	442
310	670
281	587
274	480
249	498
294	670
320	491
84	553
292	660
7	605
312	631
283	506
69	456
222	426
14	464
126	579
270	526
308	504
179	471
154	531
69	532
288	605
13	568
191	526
309	581
341	652
241	503
83	480
14	573
383	562
95	629
143	660
343	491
216	475
285	550
172	565
73	490
211	473
264	575
267	463
22	557
30	476
91	594
103	547
311	569
46	430
281	637
209	659
182	595
59	625
250	503
151	657
399	446
355	458
283	516
170	607
379	595
67	581
192	505
389	607
389	668
300	644
263	566
353	516
323	420
171	483
76	677
321	558
56	667
288	478
305	448
83	594
205	659
291	648
60	421
417	420
239	517
320	520
24	670
124	485
58	659
396	522
233	585
346	471
196	675
270	486
119	551
103	513
409	590
150	650
189	432
390	419
264	556
281	630
265	513
113	465
256	575
118	637
222	594
319	627
119	617
91	500
371	604
13	479
104	474
396	527
7	499
328	428
232	491
88	583
190	550
289	505
199	657
192	624
190	588
397	515
87	446
96	613
361	477
171	419
138	587
333	639
339	430
401	624
273	629
371	450
4	607
61	526
359	526
388	661
385	498
10	622
46	463
246	582
204	579
18	646
20	508
90	487
133	658
200	457
260	628
347	427
141	496
68	663
15	488
34	571
17	482
265	577
365	482
297	481
219	587
5	589
167	638
1	547
138	620
8	599
82	613
306	557
15	509
27	458
67	471
52	665
274	670
49	626
175	571
231	569
224	439
53	645
199	643
96	468
125	603
45	630
363	419
84	558
131	458
216	572
355	461
367	468
223	492
229	420
300	656
23	513
369	635
356	609
367	596
278	483
226	439
25	463
235	539
211	536
18	428
173	661
166	599
262	543
92	431
300	490
44	472
416	463
117	552
301	497
343	641
58	526
78	559
115	535
42	563
317	595
144	630
245	581
364	549
98	667
273	477
164	655
219	506
180	673
175	477
122	637
345	618
49	516
333	445
5	582
120	532
367	664
82	565
316	452
254	439
109	561
153	463
247	681
258	423
188	671
396	509
374	508
417	559
31	595
193	574
116	601
336	558
395	496
391	625
87	536
261	437
184	572
248	460
205	595
271	627
372	605
370	642
222	500
181	574
177	517
11	467
186	516
220	479
128	475
362	457
252	550
122	453
334	511
121	571
199	563
279	541
385	437
323	455
352	426
417	629
1	460
261	634
25	568
80	510
396	619
204	515
274	436
42	601
397	651
409	552
50	444
0	638
10	506
163	509
70	554
145	433
319	563
42	645
214	423
302	620
97	572
361	541
17	585
30	602
132	565
226	591
384	515
143	627
383	531
405	551
416	526
77	547
228	446
226	519
269	553
388	630
1	652
189	584
235	558
356	443
304	550
256	455
317	628
105	578
279	443
33	632
393	481
64	624
409	646
258	678
93	527
113	517
117	613
271	633
255	469
17	446
231	555
14	586
331	451
55	483
7	532
284	519
143	587
336	625
60	666
234	666
92	440
98	661
372	464
351	494
223	483
218	596
297	564
328	488
127	626
129	572
395	569
210	634
25	435
135	550
129	629
403	459
102	564
204	531
371	596
36	638
284	458
303	637
36	519
104	582
295	634
65	604
350	464
272	434
58	466
172	600
187	633
252	604
231	510
323	509
416	550
99	439
233	591
280	461
137	440
266	474
198	638
237	475
297	461
229	466
228	533
103	528
128	473
315	668
96	574
276	504
164	638
291	566
0	659
416	577
292	524
292	479
218	554
2	618
103	563
335	619
189	602
361	522
258	607
274	474
293	665
154	679
329	617
125	643
200	563
153	571
241	527
344	431
406	663
249	468
271	663
394	659
417	480
355	639
366	436
55	624
102	504
153	425
304	444
82	655
289	501
10	425
329	667
84	600
222	599
401	461
262	478
258	639
327	583
278	539
187	536
372	496
331	439
372	552
185	638
103	452
405	484
212	578
294	447
145	570
411	482
252	453
211	678
393	513
282	550
53	647
347	450
269	487
58	603
258	521
31	513
4	528
312	578
10	636
40	510
397	476
403	545
301	452
214	548
370	468
238	666
79	668
225	429
97	505
160	544
394	513
227	476
11	604
309	518
380	436
171	423
224	450
398	571
287	501
132	503
293	662
227	439
82	547
334	582
317	600
81	675
64	517
148	670
239	547
190	468
112	422
351	562
36	468
372	525
23	478
312	470
242	671
76	665
347	546
183	450
181	434
99	553
283	540
281	657
291	422
193	547
256	654
87	419
36	454
319	554
51	652
167	502
274	494
354	558
150	672
59	583
259	616
71	534
73	667
97	487
128	478
106	583
172	514
42	483
113	448
254	445
158	565
154	551
26	503
53	643
336	671
309	619
174	540
13	466
408	503
395	480
69	609
26	550
388	570
317	639
316	505
279	466
169	556
175	573
332	465
55	533
230	436
218	513
121	570
76	601
278	565
344	572
223	489
46	435
265	465
39	540
309	483
146	642
203	426
105	468
53	549
308	669
1	530
75	572
289	477
406	640
86	495
174	571
249	664
353	459
334	668
386	432
284	567
383	544
351	515
270	435
410	569
270	457
32	517
24	657
36	660
132	458
129	614
406	494
86	540
22	660
164	517
79	642
6	512
87	441
85	453
376	527
59	604
28	533
196	634
136	470
168	670
275	591
269	473
121	579
69	633
98	664
198	491
80	507
181	657
181	542
88	509
200	604
58	583
292	597
167	572
63	574
58	469
57	480
88	649
76	646
214	630
108	520
186	509
89	497
396	452
172	676
396	447
145	591
248	647
149	526
329	589
123	517
203	527
43	516
193	524
334	534
321	680
264	555
393	619
190	677
14	650
320	484
279	471
223	608
328	535
348	628
205	518
213	497
410	626
168	558
157	435
80	512
284	490
404	554
33	467
56	637
359	531
341	527
137	496
409	490
150	523
395	560
390	607
130	586
367	583
112	436
306	501
344	590
385	510
260	473
375	600
414	586
161	519
166	680
35	581
180	448
146	676
292	588
345	662
379	497
121	537
164	495
65	450
251	641
270	544
388	606
16	560
17	487
147	668
172	638
59	570
114	602
171	681
334	482
240	458
281	627
11	503
162	512
365	555
276	451
410	647
405	505
163	558
28	439
246	623
411	591
329	445
93	587
168	663
153	665
305	508
152	604
236	670
141	651
108	469
304	668
38	648
46	642
270	666
180	585
363	591
371	581
42	421
24	607
272	617
402	604
33	514
143	597
225	533
187	440
288	440
9	490
73	591
409	520
266	438
321	527
68	559
213	672
336	439
283	421
151	643
311	481
74	497
207	629
367	444
307	475
45	561
413	653
154	636
344	567
284	603
170	657
196	577
404	526
148	449
106	492
370	613
19	488
19	647
408	547
49	535
371	672
353	596
304	604
401	630
282	553
163	492
191	491
355	618
332	461
72	579
75	667
146	665
49	464
353	660
266	679
211	612
51	500
332	653
90	440
108	660
159	427
50	665
82	522
149	589
294	456
121	491
36	497
143	430
204	607
211	423
254	496
370	645
256	581
140	488
48	495
49	649
55	640
99	532
23	631
137	536
159	479
265	486
411	654
364	671
184	580
359	554
145	641
177	674
239	602
241	430
233	662
368	469
345	423
148	612
183	669
385	521
157	637
9	486
45	542
392	556
380	487
44	575
9	629
187	566
32	555
386	465
36	563
80	541
381	548
66	469
294	559
301	500
38	508
411	610
313	596
361	545
378	439
52	468
276	515
318	591
347	662
247	580
312	419
276	424
284	647
313	573
193	439
133	538
18	474
17	625
248	624
243	490
316	438
139	423
168	517
145	524
278	476
82	447
58	652
85	640
153	531
397	536
287	522
69	421
327	554
30	631
128	486
144	433
42	646
303	657
245	653
300	668
53	519
313	652
198	588
253	586
141	465
207	528
269	658
64	651
333	496
355	543
171	476
171	515
101	466
165	618
109	538
391	569
73	441
408	586
386	509
207	657
369	520
67	529
17	604
231	516
186	629
52	536
39	603
235	486
103	670
54	612
264	473
160	450
155	651
80	462
43	513
88	672
214	577
5	536
60	596
158	490
355	621
37	598
348	621
330	614
150	545
195	668
406	619
106	598
173	650
181	493
396	648
42	426
54	537
354	606
174	600
172	627
74	530
320	668
324	591
391	511
125	433
264	595
158	504
299	454
185	453
273	449
243	616
306	590
87	456
322	529
228	550
339	566
329	557
130	442
398	514
385	597
6	487
345	656
227	524
369	579
70	620
36	490
262	433
175	669
116	631
174	633
81	582
154	543
249	440
139	559
127	563
185	484
42	635
118	473
363	658
272	439
97	556
142	478
25	592
105	672
119	636
246	671
142	427
17	484
258	647
1	667
225	611
205	608
271	598
90	519
108	529
236	569
138	644
299	521
153	502
278	472
327	522
303	586
262	507
299	553
140	429
132	534
232	468
388	524
88	448
235	550
229	476
204	654
24	603
40	490
11	450
234	438
51	632
258	435
161	608
28	512
192	649
243	654
63	477
258	679
301	575
97	438
401	478
225	431
99	519
0	423
347	590
299	501
255	573
130	421
246	564
283	508
228	643
375	457
213	484
351	604
114	441
411	502
102	462
79	419
322	421
323	604
289	472
64	611
287	588
339	619
333	430
224	582
103	612
80	671
151	540
263	453
383	424
33	466
195	540
265	426
243	656
226	423
11	539
126	676
172	566
47	600
252	520
42	655
252	528
144	451
22	431
261	621
176	566
289	548
90	662
212	494
162	526
124	655
78	519
242	565
138	616
104	494
43	497
114	644
215	658
91	528
96	572
306	420
322	454
154	550
259	570
191	643
26	465
227	531
225	496
330	609
304	615
197	486
392	484
66	569
349	589
181	544
299	548
376	568
411	497
141	494
129	658
88	488
352	569
85	499
190	593
202	438
151	679
338	551
59	424
31	436
168	660
296	650
123	537
223	672
408	568
14	614
223	468
162	571
311	509
331	569
214	532
156	566
179	594
37	472
340	666
309	662
190	680
378	432
415	431
97	617
152	636
376	497
93	640
52	557
25	508
405	515
416	477
73	448
74	440
70	420
29	549
9	612
233	630
61	571
389	558
409	558
137	455
212	665
398	650
179	610
185	644
55	468
115	661
96	627
103	592
404	553
111	551
202	440
150	577
287	633
417	574
40	457
207	596
409	427
46	597
128	449
112	547
226	546
244	449
290	584
310	583
205	453
262	428
282	659
49	447
286	669
97	571
302	656
413	623
214	671
122	561
52	664
254	643
354	434
23	440
258	557
187	651
264	586
404	632
141	628
406	527
172	459
22	667
276	433
334	629
169	490
337	458
296	425
225	560
287	468
293	527
410	445
401	577
172	510
387	554
365	424
412	680
342	607
150	419
342	475
120	542
342	518
118	489
283	636
99	456
401	657
67	610
227	561
82	500
313	607
74	458
226	651
297	503
400	503
359	427
303	640
226	451
285	528
122	646
389	583
114	493
99	559
299	641
262	606
92	496
203	471
395	619
158	562
352	666
253	482
140	602
397	461
215	540
19	501
397	528
280	552
412	568
113	661
32	566
242	567
162	575
192	548
180	671
25	510
1	602
202	666
289	498
349	613
407	592
339	622
48	483
368	561
418	631
280	659
72	497
407	493
311	518
321	671
87	589
111	571
384	533
411	426
95	613
331	520
319	499
395	431
5	631
219	428
15	460
271	660
85	539
322	462
378	674
289	659
277	578
395	660
378	557
392	541
195	573
147	670
33	544
125	549
249	619
304	659
221	631
343	550
417	421
192	485
39	432
111	669
179	559
89	679
80	519
52	564
367	679
170	521
228	573
13	534
372	622
195	535
135	517
205	522
95	627
350	512
418	674
295	532
358	479
82	591
398	478
163	548
228	562
414	579
28	475
76	539
383	644
261	515
163	586
182	563
99	610
192	615
157	631
214	549
86	672
305	594
294	547
341	645
70	429
415	456
339	606
162	606
249	588
312	530
297	545
167	440
200	594
223	641
21	605
104	562
261	580
234	624
233	628
247	656
119	673
220	552
335	447
268	605
77	564
116	463
390	637
286	590
168	594
40	627
389	679
246	569
269	679
121	594
23	486
91	654
39	481
39	489
311	419
130	620
196	425
412	510
232	421
265	520
279	467
155	498
402	594
34	647
12	507
8	568
73	674
332	654
395	463
18	635
248	509
107	528
46	526
341	454
49	591
291	428
268	618
186	511
155	441
208	630
128	501
114	477
3	604
311	596
224	648
180	576
156	508
271	577
202	493
61	565
55	422
302	556
1	568
409	669
244	596
285	662
66	544
115	625
17	525
245	484
173	476
59	676
108	454
268	551
328	601
372	507
228	524
84	677
106	639
158	609
40	648
353	509
183	529
388	654
341	461
200	549
364	462
182	420
390	661
55	548
141	457
239	450
141	497
413	603
195	656
153	575
292	465
23	569
302	578
251	587
371	471
354	451
219	505
13	582
155	516
143	566
110	461
325	529
304	436
397	635
397	521
389	650
324	490
49	533
324	486
54	569
139	612
122	491
168	555
380	508
72	592
4	660
227	564
128	661
333	560
20	462
225	629
120	491
180	666
191	435
229	434
90	592
11	451
362	504
43	569
176	434
392	616
266	644
375	527
46	544
49	614
364	619
60	664
138	498
395	479
206	650
215	470
110	572
111	559
108	676
17	461
395	667
334	584
126	577
161	431
15	517
356	448
101	456
319	436
163	680
89	578
203	564
272	643
66	575
406	621
126	584
49	508
329	515
132	517
197	624
151	594
319	598
418	565
102	485
325	472
20	608
61	465
198	659
317	572
279	543
47	592
308	490
226	661
334	536
204	604
240	420
8	466
367	537
357	584
42	608
136	659
306	515
63	556
310	592
177	439
290	589
284	648
279	422
244	602
256	607
229	461
82	669
121	484
49	677
136	631
269	461
231	529
225	504
386	586
69	672
197	567
150	482
175	577
169	436
115	599
194	640
169	430
409	666
365	428
239	495
153	672
140	463
37	552
331	568
343	515
375	606
77	536
364	612
79	448
398	638
253	659
123	660
89	634
244	511
311	555
137	581
415	467
238	568
408	440
324	599
210	632
147	451
195	529
379	567
1	479
209	525
140	652
361	557
258	481
229	431
8	456
11	636
24	493
279	538
380	505
344	640
87	489
108	453
111	596
185	546
254	577
241	627
167	592
352	450
382	521
1	660
336	447
391	470
333	490
406	677
319	671
203	641
339	552
234	443
248	565
152	469
101	509
416	571
395	671
342	591
364	644
286	513
28	469
167	476
342	675
385	481
360	547
322	480
296	532
362	617
194	441
240	512
248	432
393	559
88	646
101	645
244	593
225	596
274	448
352	673
306	580
10	440
368	485
164	652
261	527
347	612
78	655
218	681
354	572
134	657
102	465
325	461
234	572
207	497
148	664
409	501
380	428
250	668
8	645
287	488
334	623
77	667
173	483
367	431
116	609
213	579
412	456
300	681
408	653
258	621
287	632
309	635
325	513
104	627
102	549
367	680
125	482
74	651
97	670
120	662
255	645
50	515
311	538
388	622
200	664
39	524
0	596
124	649
123	472
52	673
252	599
62	618
245	454
134	625
196	582
81	606
58	637
14	467
327	483
416	647
101	581
28	464
79	521
130	629
283	527
389	455
391	440
5	455
277	551
125	464
354	530
52	549
195	566
370	665
319	654
18	551
349	576
233	546
391	652
88	531
81	441
309	508
258	641
104	667
123	509
380	592
54	570
323	502
336	472
220	444
198	469
31	638
45	421
292	666
69	435
369	633
171	617
88	666
287	681
386	518
216	504
348	664
351	587
234	636
321	480
382	466
101	482
141	605
211	479
143	500
217	630
129	588
309	634
383	625
381	678
47	569
10	634
333	533
410	438
296	440
358	488
216	595
279	552
221	448
317	646
296	499
170	482
340	675
103	439
319	555
140	436
345	465
43	600
117	661
198	519
36	573
358	625
404	470
148	480
304	597
259	556
133	654
57	436
279	453
233	635
391	463
4	432
210	637
288	677
134	589
322	538
220	586
79	506
79	569
305	523
271	571
265	439
164	537
33	421
334	554
114	424
73	464
104	655
257	597
217	551
175	544
364	657
78	489
86	526
126	555
271	513
133	549
52	426
219	553
218	666
83	440
121	497
372	426
387	471
122	577
412	429
417	638
285	664
339	556
349	657
222	645
157	569
256	432
407	454
98	507
392	478
280	448
275	670
129	428
403	595
59	475
332	547
175	610
343	436
337	518
53	577
258	511
379	647
241	521
302	591
392	507
200	564
287	491
108	480
385	503
303	426
156	574
350	432
292	645
381	447
154	572
302	442
103	474
409	667
153	452
217	560
201	612
23	545
380	595
42	434
204	666
99	479
63	554
341	446
40	466
48	451
124	614
192	428
167	482
347	495
283	483
102	480
239	477
263	587
233	645
387	569
179	543
249	458
366	460
135	633
45	493
365	559
190	605
82	491
386	430
181	640
154	548
353	465
87	541
365	600
301	585
92	470
118	507
272	452
409	561
211	520
234	499
289	420
367	564
350	473
371	592
42	629
321	450
151	515
207	445
182	524
32	537
44	639
6	597
89	618
272	564
339	431
53	507
405	665
49	564
407	558
29	428
300	628
171	490
196	581
35	502
113	515
354	477
96	479
88	436
396	659
213	478
257	448
341	457
299	523
372	679
10	601
212	558
128	592
153	485
256	522
157	439
28	664
1	597
52	659
241	466
180	544
241	460
2	625
37	491
337	436
385	535
270	442
357	560
122	597
253	671
163	662
180	626
133	648
372	631
223	663
217	522
328	584
110	513
326	655
96	632
26	513
213	449
231	603
287	589
253	602
153	621
239	456
397	537
306	668
92	678
105	654
55	602
156	448
370	544
2	639
359	593
279	627
387	616
309	537
214	526
256	667
77	531
159	658
289	681
330	644
18	589
237	553
293	576
48	562
16	555
208	510
167	452
263	550
181	572
397	514
56	443
352	511
282	652
329	446
406	497
251	596
157	521
83	679
321	429
201	655
90	564
356	475
138	637
120	579
359	449
196	485
261	526
79	456
328	478
297	583
283	676
354	680
350	569
314	439
153	513
329	490
130	540
365	561
317	441
349	510
295	635
151	649
121	472
295	439
237	496
318	555
340	538
363	495
51	518
183	438
367	538
53	604
47	643
32	519
117	515
138	458
225	651
6	634
28	655
333	465
2	557
401	421
194	643
348	578
145	463
300	429
371	488
109	584
148	430
406	467
329	435
21	428
128	469
264	454
172	444
395	586
86	530
162	632
252	444
160	518
14	658
265	536
16	606
416	484
305	582
316	661
129	672
350	558
274	504
169	608
220	501
86	669
280	465
119	601
399	532
218	493
92	592
151	424
239	679
396	618
65	640
219	636
269	514
357	491
289	517
140	519
331	515
354	429
202	594
53	575
317	605
121	438
207	586
120	594
226	672
162	478
255	677
269	562
112	642
369	588
4	618
237	430
223	457
291	581
71	502
213	668
32	512
252	581
271	668
365	568
32	646
242	596
306	547
29	468
51	472
339	427
407	674
254	469
106	453
362	526
208	467
186	632
14	495
113	539
110	607
273	582
75	612
319	629
5	448
96	659
105	618
378	465
44	601
415	510
290	423
350	491
378	472
62	540
279	581
253	569
55	634
36	524
115	521
291	617
244	629
255	524
353	546
178	567
207	574
406	470
81	494
224	453
213	459
280	499
18	506
55	590
198	524
271	419
401	638
406	638
379	501
230	469
44	449
269	541
209	609
369	582
228	442
228	610
178	458
138	609
200	533
178	555
100	637
393	484
247	489
28	508
129	667
386	504
81	609
353	467
413	578
324	637
287	434
139	539
26	650
81	618
81	632
265	659
333	543
88	660
379	442
14	466
233	519
147	583
345	579
352	623
99	663
246	668
16	501
191	630
306	677
112	452
26	516
51	675
51	522
150	549
292	462
147	519
136	494
63	658
397	623
167	610
352	558
308	599
276	469
133	566
9	575
368	515
241	471
386	445
229	451
175	590
166	612
341	589
339	615
307	543
89	429
226	425
164	650
328	491
197	675
169	571
207	489
204	431
363	469
359	444
258	516
246	482
130	550
89	572
301	529
113	549
168	599
125	561
229	556
101	496
361	456
114	631
406	678
128	516
268	610
200	500
306	615
249	630
207	627
312	584
84	535
213	457
345	419
393	634
219	556
145	552
329	611
32	659
321	622
229	557
119	547
170	436
199	436
391	537
87	423
207	436
157	421
269	552
92	553
399	457
14	637
2	459
69	565
278	446
133	429
122	589
240	653
256	480
293	661
115	677
311	635
265	596
159	511
53	586
223	519
95	583
363	618
285	589
50	562
368	669
109	509
342	641
190	536
336	621
169	503
23	616
132	522
207	644
81	510
266	655
378	552
37	586
109	573
100	481
281	491
236	576
219	501
107	624
234	588
418	488
227	499
66	529
41	577
383	617
326	567
287	511
414	455
104	645
49	574
291	533
272	644
340	638
119	484
237	601
232	546
61	457
139	493
282	619
291	482
93	674
352	479
195	598
176	649
343	673
214	669
352	446
380	560
33	553
145	561
308	531
410	602
210	439
309	618
287	475
322	542
15	665
413	620
88	671
37	642
254	520
307	603
388	534
414	478
79	572
53	512
227	591
183	423
153	450
392	551
371	445
41	609
151	468
338	442
185	481
398	531
176	605
319	458
40	646
65	448
94	472
6	632
356	676
156	524
82	427
80	557
231	580
336	551
154	470
92	486
384	595
19	644
379	561
403	632
3	619
232	569
402	514
279	447
243	448
182	672
241	475
34	645
249	547
263	520
78	496
123	547
82	462
176	528
406	515
394	677
327	489
362	490
157	527
151	632
243	576
304	552
147	476
110	599
306	440
3	478
158	485
228	608
82	637
171	506
400	675
418	602
406	616
318	459
4	436
174	575
338	552
69	420
388	557
411	637
114	485
310	672
35	653
19	523
314	673
358	523
48	622
201	672
183	433
276	429
59	444
113	440
198	554
11	582
11	592
292	529
48	422
92	557
10	555
360	491
222	551
277	592
175	566
365	537
311	420
219	419
210	530
416	633
119	419
297	637
296	560
127	473
257	534
379	678
30	436
126	431
180	570
310	501
256	486
350	477
221	496
266	500
8	556
344	505
278	669
363	484
34	608
238	616
215	592
163	467
273	515
183	613
212	522
280	666
41	599
79	580
318	628
37	465
394	534
318	643
313	525
238	459
238	630
182	460
283	490
1	465
171	516
55	435
204	538
159	508
54	587
5	420
399	657
262	573
211	667
176	601
145	494
317	679
277	674
131	618
198	513
100	639
360	545
115	509
169	446
383	587
126	527
99	638
55	437
39	648
158	476
207	666
306	625
148	512
409	650
144	551
260	507
196	438
65	602
216	502
230	516
362	563
146	562
165	653
263	533
235	595
86	586
211	448
252	505
160	510
319	490
139	536
293	558
165	421
98	498
413	658
157	625
35	434
149	637
350	445
321	503
307	525
385	440
339	653
117	558
175	537
243	627
204	677
75	434
343	433
9	420
39	566
353	573
251	536
62	672
258	634
389	582
260	565
185	642
240	533
43	483
272	436
330	516
74	437
242	624
178	576
156	429
122	518
128	624
264	644
196	598
133	649
183	481
335	598
52	595
181	613
220	424
220	443
401	613
169	512
224	421
103	473
78	527
358	456
339	511
389	610
331	503
42	575
80	661
84	648
382	468
39	511
154	512
339	650
120	583
2	456
304	428
123	615
258	464
0	424
199	508
283	681
276	671
232	617
240	587
388	441
259	442
163	434
54	614
48	602
322	615
330	520
179	488
310	452
45	579
332	469
130	543
121	470
106	546
109	563
95	573
121	517
55	646
154	680
407	434
97	619
178	497
269	646
1	630
4	592
326	671
129	605
253	475
82	552
29	616
168	578
309	462
307	631
360	550
76	517
227	556
2	477
315	606
26	463
288	507
123	419
260	466
383	501
314	606
69	522
248	650
290	595
404	500
146	575
108	666
102	456
275	438
26	490
234	496
392	475
349	545
357	460
153	539
367	486
82	555
356	650
48	603
213	642
202	583
177	620
251	595
133	428
159	481
403	497
20	460
343	460
302	467
50	460
338	474
103	583
225	592
226	583
90	509
294	614
122	594
296	629
338	537
141	503
147	541
40	660
319	517
16	608
13	528
367	605
275	662
368	509
233	679
86	433
355	677
0	481
297	608
272	467
378	430
185	550
110	537
86	652
61	462
386	466
369	425
102	531
153	524
42	465
218	500
192	495
249	660
172	579
44	484
23	430
207	495
90	621
53	475
409	440
99	523
348	543
97	450
261	471
320	653
158	564
87	474
288	657
179	657
297	561
212	481
279	554
153	437
303	540
111	513
415	507
112	580
226	443
148	432
212	489
159	568
239	655
406	500
56	605
297	444
400	459
147	514
255	556
68	451
411	437
241	458
273	428
116	560
161	489
160	537
234	462
412	585
381	426
130	551
87	618
188	436
42	606
233	479
75	494
115	576
395	534
201	551
69	546
365	608
329	633
102	582
205	575
187	542
354	510
396	623
139	581
161	651
409	485
71	580
402	627
123	426
151	442
236	549
153	504
384	544
321	606
212	676
82	586
291	503
115	578
27	655
139	575
127	508
133	481
309	616
347	542
248	486
246	449
36	461
341	548
160	521
211	501
165	675
306	540
99	635
17	423
303	538
117	525
33	460
373	500
31	555
372	674
107	662
99	458
11	680
35	509
194	614
182	462
167	664
251	655
184	554
300	530
133	560
400	466
304	644
249	461
262	456
111	673
230	510
68	609
24	524
346	573
348	618
105	660
164	498
98	448
308	517
282	453
386	638
378	453
121	679
84	629
360	593
184	600
289	643
286	492
318	613
355	545
346	475
339	477
368	614
276	644
167	568
277	630
378	452
213	616
204	572
215	580
253	444
167	622
112	554
17	584
378	493
357	483
293	634
411	536
342	485
179	438
5	677
84	679
20	490
258	632
355	499
312	456
131	543
234	549
390	653
210	451
24	590
197	527
127	620
35	474
179	615
231	448
357	496
351	618
386	624
321	474
111	446
413	419
214	515
14	463
69	574
335	428
75	453
48	475
348	518
269	652
302	573
193	460
12	547
352	652
292	540
48	436
273	662
306	603
194	480
354	581
77	642
261	552
404	487
92	574
224	426
150	599
122	506
334	445
413	474
13	573
148	541
135	528
216	562
233	553
220	577
42	613
200	434
274	557
140	450
12	434
60	637
301	614
223	588
148	563
286	627
194	607
349	672
391	444
395	613
415	511
198	678
112	652
71	511
124	504
4	580
268	495
411	543
375	650
265	586
105	590
169	649
265	598
134	634
206	564
10	467
334	435
95	468
391	500
132	578
197	603
130	455
79	432
51	625
368	448
301	586
359	646
197	471
129	598
75	488
319	504
162	519
339	512
116	440
151	654
343	455
324	504
330	443
152	478
244	581
296	661
137	570
263	552
407	559
315	498
358	424
382	504
92	570
232	423
170	422
146	450
107	655
382	531
278	661
48	590
99	605
338	515
204	623
219	576
313	590
56	421
105	574
218	577
142	652
294	458
143	617
338	494
256	491
276	595
300	521
173	465
129	538
107	467
268	565
186	550
320	498
307	505
31	624
15	560
285	590
184	641
178	604
232	635
208	525
240	443
100	451
289	493
80	615
28	597
341	430
28	589
253	667
194	502
56	426
176	553
230	479
144	450
236	493
256	453
354	436
204	642
385	508
213	426
73	575
340	665
137	576
38	438
3	466
382	454
78	635
179	539
177	498
4	569
47	638
293	648
390	634
392	488
253	492
324	593
25	500
147	529
38	468
372	623
91	496
88	619
321	520
187	503
210	664
416	508
119	573
162	646
81	561
193	675
381	546
129	507
292	664
134	529
351	591
103	639
105	637
271	547
228	476
330	471
189	631
371	447
185	635
87	422
357	443
211	587
348	633
329	616
114	533
379	421
72	495
88	464
201	472
367	543
21	588
410	656
351	445
130	594
87	594
388	655
70	525
155	540
216	593
52	643
134	568
268	646
262	551
349	473
45	419
203	571
325	626
118	522
235	534
171	422
27	505
300	419
297	508
69	586
215	501
55	592
38	540
266	428
210	653
403	585
200	567
288	502
371	483
46	427
223	559
192	454
267	567
256	523
351	540
232	429
386	564
182	451
418	466
125	664
389	478
134	607
240	583
282	467
371	489
393	457
178	671
206	509
170	514
110	503
291	451
164	548
7	629
109	491
85	450
56	470
402	541
249	508
302	464
3	440
298	510
136	652
62	611
85	563
332	467
211	514
214	498
124	590
75	622
136	570
232	571
58	565
277	623
25	440
333	444
407	646
408	625
287	661
220	518
405	490
322	629
269	578
400	629
255	480
38	469
315	545
15	599
120	539
165	553
42	427
357	481
46	460
281	504
142	521
414	637
65	631
349	441
70	510
324	573
233	613
119	496
98	502
350	517
296	628
174	513
244	529
264	518
282	460
58	672
324	435
232	611
330	462
97	569
339	531
294	433
391	662
219	534
403	535
187	605
60	556
167	562
347	566
191	531
225	620
68	586
242	482
63	460
414	539
77	661
42	596
84	638
218	566
121	663
223	499
223	467
118	518
97	590
415	542
12	425
5	615
140	457
140	427
246	640
261	589
257	508
191	433
57	419
167	419
18	519
78	552
301	561
17	594
251	501
218	564
383	647
125	537
399	499
54	638
386	566
22	540
394	495
228	582
7	598
6	546
113	491
278	588
216	521
87	497
385	650
392	570
284	560
241	443
282	454
126	572
405	557
267	679
175	668
335	464
176	443
66	638
407	625
11	628
256	531
206	550
177	576
158	544
365	564
98	440
346	650
69	459
341	572
13	507
30	656
115	560
101	602
139	633
226	676
300	487
403	607
319	512
351	664
307	453
169	594
344	586
325	431
39	564
412	651
276	638
301	640
257	533
286	607
365	655
45	475
211	584
238	579
282	436
226	640
317	588
53	541
268	539
85	447
98	566
91	444
209	452
78	521
101	486
103	669
396	437
290	491
40	571
90	524
349	660
313	529
330	422
409	598
9	601
61	594
171	635
168	679
67	586
319	482
197	451
291	627
361	563
128	635
169	467
277	599
410	539
124	611
174	604
262	444
241	544
119	476
27	668
196	638
237	512
368	419
354	503
312	641
294	523
39	642
102	423
283	451
37	499
112	477
90	676
157	572
356	677
328	543
222	524
210	571
26	458
96	563
123	444
324	527
252	495
203	428
279	436
30	555
388	681
149	653
75	523
347	440
144	620
61	646
327	514
1	599
41	443
34	474
282	624
220	606
188	481
206	644
360	606
265	592
168	560
161	639
207	564
191	574
96	426
289	482
390	466
250	422
406	627
369	527
296	432
243	588
240	446
204	587
418	557
290	483
338	547
312	473
53	469
278	668
259	474
86	487
405	450
408	572
351	496
43	536
347	466
169	607
57	550
353	468
208	623
101	454
40	674
281	586
230	470
15	590
179	681
76	515
66	586
174	581
253	554
50	564
372	619
361	501
273	609
387	431
204	646
385	450
409	444
317	651
148	482
27	456
156	444
239	525
346	516
162	629
98	621
31	471
11	525
151	522
252	452
258	654
324	460
365	469
242	627
263	461
101	491
214	647
348	562
349	514
343	519
177	559
127	445
252	654
10	669
357	645
214	610
5	568
126	427
338	610
368	458
114	509
22	424
24	503
287	599
2	452
3	582
371	468
56	440
21	624
350	594
335	440
17	566
370	551
195	500
340	541
94	657
397	513
29	523
41	519
244	544
257	626
290	551
277	566
32	437
293	422
3	570
149	464
385	476
289	544
148	650
195	610
40	583
71	638
322	665
183	640
258	587
7	541
230	424
61	469
243	665
146	646
268	596
205	468
290	613
221	420
396	617
14	489
133	434
109	425
244	616
276	509
7	461
160	592
108	589
280	545
130	604
227	600
102	596
24	440
332	641
311	674
63	438
356	575
210	515
310	640
154	478
55	501
70	578
169	442
188	598
322	557
257	620
152	519
26	440
246	461
140	605
239	524
397	457
112	584
50	662
44	622
301	624
21	585
295	507
187	507
146	526
143	443
46	565
2	441
365	509
334	447
200	537
32	681
124	581
351	560
393	627
407	665
384	454
258	625
230	419
205	430
69	620
125	451
203	582
406	661
103	483
133	647
406	446
187	532
291	589
164	579
325	643
410	550
284	616
9	670
43	567
415	675
291	458
160	497
347	613
390	464
393	576
14	421
350	505
241	641
353	504
133	489
169	528
371	439
49	679
175	427
53	531
255	571
233	551
111	678
367	556
279	461
371	633
177	593
88	430
77	544
386	470
354	587
256	571
58	448
135	654
132	679
201	610
129	486
143	632
309	648
416	483
23	596
133	640
330	641
274	619
25	433
176	604
295	677
168	431
59	649
184	485
414	538
393	520
3	673
395	646
382	479
243	653
182	604
54	662
79	424
191	420
196	527
112	545
32	624
86	609
131	627
124	584
354	447
118	455
67	555
2	510
255	447
49	455
117	450
408	663
181	527
397	615
233	512
211	538
114	593
318	552
3	487
339	612
256	517
250	433
265	474
82	599
287	539
163	438
251	599
401	622
56	603
252	647
174	602
83	424
24	447
170	560
380	547
245	508
338	575
32	511
135	488
194	504
72	521
285	572
339	647
250	428
401	485
393	551
369	575
218	423
300	610
204	478
390	591
186	493
123	606
159	450
7	535
385	431
393	498
39	598
315	496
185	603
282	516
249	624
125	678
290	568
396	668
367	633
246	502
3	441
244	620
212	474
341	604
1	571
290	482
42	667
101	528
290	544
118	454
55	680
365	443
158	553
227	487
206	680
232	544
141	675
178	668
123	587
56	626
281	634
72	620
51	592
414	490
278	556
210	604
179	470
220	565
143	484
350	433
224	574
332	621
283	668
158	539
63	531
76	506
282	681
21	440
65	603
406	536
193	642
225	499
8	629
162	518
243	638
241	433
318	521
274	646
277	510
385	660
42	493
207	442
291	576
278	506
301	657
275	526
197	584
171	479
131	480
64	493
69	606
44	668
116	571
302	635
236	438
187	656
326	631
278	434
234	533
230	452
239	557
200	655
341	622
118	571
111	590
21	460
287	437
76	551
343	672
265	567
144	582
128	660
329	665
223	578
285	639
220	659
62	515
245	673
395	452
256	623
343	627
337	634
215	572
278	637
53	444
365	578
300	439
79	536
306	535
63	504
248	453
163	462
311	456
262	532
205	672
75	670
56	510
221	674
169	636
74	660
70	504
133	600
219	607
295	480
75	629
43	492
179	640
243	461
345	495
355	451
330	470
228	621
148	665
388	636
277	527
252	656
131	471
207	471
285	553
231	562
195	439
132	666
187	527
245	451
36	553
314	425
191	434
66	583
417	646
4	533
262	462
40	619
126	569
261	611
252	463
147	429
270	618
231	504
123	658
22	569
171	627
204	457
361	558
379	531
193	494
54	660
191	455
313	511
180	534
370	513
255	533
390	503
155	627
245	605
248	531
100	574
212	631
306	451
151	613
383	583
204	543
383	543
254	447
391	566
35	625
42	460
213	423
323	637
327	570
407	484
319	452
141	500
408	620
162	545
266	596
78	541
124	625
279	670
325	591
316	680
322	495
379	436
166	631
364	652
268	489
12	468
391	607
277	470
336	532
43	587
368	517
115	571
221	676
231	533
123	506
64	615
266	520
411	618
183	602
122	544
416	632
126	564
313	491
100	638
27	499
356	578
253	423
399	565
73	501
378	580
290	435
90	500
364	457
268	563
260	480
17	428
268	428
371	543
48	655
50	607
136	521
203	668
290	425
267	480
79	470
16	670
233	466
64	441
332	533
97	633
243	591
236	524
248	671
24	608
100	654
30	635
14	442
415	582
217	538
404	633
239	576
257	603
173	673
326	449
327	626
92	526
192	544
41	592
298	658
194	613
87	440
324	550
338	555
224	615
232	676
132	611
314	430
284	593
141	443
108	506
387	632
66	608
244	482
98	635
83	496
168	630
328	444
340	628
318	650
39	584
199	465
341	517
380	426
41	500
200	472
418	449
387	424
245	538
16	462
17	654
208	444
273	610
351	558
407	506
313	452
175	613
114	488
349	446
74	543
235	631
241	479
213	477
117	430
289	497
233	639
99	650
202	495
9	640
149	548
125	488
209	466
190	616
164	442
398	529
194	434
273	525
91	535
162	511
290	466
365	536
309	486
133	589
341	633
48	420
111	605
309	492
203	547
211	488
142	420
236	520
275	552
303	589
225	588
93	635
246	431
243	664
112	424
137	633
285	420
181	581
210	609
357	600
217	475
380	501
53	582
241	523
317	419
290	434
267	591
318	435
285	599
320	545
0	439
369	626
229	554
397	633
67	424
192	533
44	423
8	550
358	639
198	470
290	475
385	472
409	507
287	541
152	504
239	508
316	560
287	430
16	442
222	545
211	483
199	524
121	655
48	671
130	535
97	447
64	427
404	539
195	496
74	492
340	583
274	449
169	622
405	588
213	552
406	602
180	522
118	598
63	421
34	670
4	554
399	571
175	579
357	566
165	494
296	669
357	527
62	426
140	554
96	420
252	491
331	644
358	484
107	519
37	419
299	542
362	606
242	625
346	517
230	645
231	444
273	627
407	584
60	609
92	605
335	420
115	680
226	654
17	602
369	603
27	475
342	454
154	569
100	465
25	608
355	448
160	494
15	551
114	681
255	613
298	574
96	500
318	603
316	631
375	599
6	668
369	532
326	466
232	597
356	559
326	475
31	570
62	596
408	670
286	439
278	650
154	653
394	515
245	646
366	600
289	519
37	614
109	522
47	498
351	577
26	557
237	615
341	532
365	581
386	594
190	496
134	469
178	646
246	455
320	625
10	580
278	510
275	608
321	542
376	605
136	427
397	510
87	608
369	535
151	432
3	526
278	475
35	490
246	626
141	520
383	553
57	678
187	531
131	657
61	576
7	559
38	445
102	495
92	521
74	572
301	501
195	553
269	548
391	526
332	650
386	473
245	456
292	498
184	428
253	446
67	664
381	528
380	585
362	535
314	518
113	640
404	656
239	451
191	467
96	583
261	637
77	615
394	461
157	612
238	677
3	485
76	521
383	480
383	567
163	451
81	523
11	652
384	446
162	525
385	580
322	641
113	680
353	450
294	478
263	500
364	517
296	645
141	552
11	444
291	498
184	479
254	633
249	428
0	604
7	613
380	557
158	547
203	533
141	619
33	448
405	571
209	545
62	476
103	444
154	583
93	518
83	580
132	639
315	674
87	464
27	642
288	486
25	439
370	442
197	673
120	473
46	562
246	533
38	519
228	626
42	509
217	619
278	471
192	618
316	659
54	427
220	587
226	482
268	420
210	428
150	505
185	508
82	537
297	612
279	430
417	549
225	630
225	539
176	505
253	527
76	500
168	427
244	580
209	591
129	612
388	515
382	621
212	563
239	549
237	604
224	478
18	580
143	628
85	624
385	609
230	447
46	450
119	424
217	637
146	535
143	540
323	652
342	503
249	426
196	505
92	451
382	573
8	646
121	642
29	630
116	502
176	606
3	434
28	561
14	486
70	604
325	642
169	665
229	619
300	615
400	668
103	540
406	604
265	431
183	648
383	541
157	585
234	482
232	601
216	492
66	477
296	539
267	551
257	663
221	475
174	597
111	626
141	484
219	578
270	591
368	583
63	452
53	450
356	540
236	465
337	425
212	544
330	550
7	552
64	619
278	465
206	482
286	639
302	574
5	477
278	422
303	653
221	621
81	534
172	517
182	614
340	554
251	662
181	421
157	641
418	425
365	478
153	500
163	539
85	494
324	470
243	679
306	531
155	601
25	638
271	580
373	675
153	563
341	654
165	599
290	489
131	512
296	604
216	630
35	644
317	542
390	422
348	491
12	506
414	541
4	509
373	559
133	487
117	680
276	640
165	432
294	590
35	585
239	537
72	569
205	503
363	499
212	553
146	624
12	454
207	591
362	589
11	656
313	523
158	601
313	532
131	670
158	636
160	519
396	468
115	467
25	539
221	578
45	663
43	671
12	669
415	592
83	650
266	553
135	521
235	553
344	455
99	554
105	661
269	625
80	560
71	613
304	680
128	466
123	471
99	518
331	645
89	437
253	473
259	651
217	595
204	600
216	471
134	513
352	607
319	572
225	618
202	678
102	530
416	588
258	554
302	451
119	579
357	441
322	485
183	657
149	450
226	604
227	582
411	458
381	676
216	501
104	550
220	596
338	600
322	486
343	452
322	659
393	507
85	585
45	510
135	527
293	491
298	541
18	463
206	424
377	444
201	623
252	597
414	531
202	556
271	647
129	535
121	444
132	674
304	587
77	514
321	613
375	637
416	610
22	438
49	562
209	467
232	566
180	564
349	626
133	509
300	561
140	586
113	667
255	558
119	479
80	625
334	570
357	420
369	599
85	571
342	668
402	500
74	522
185	514
1	439
221	642
25	656
392	438
264	679
2	680
412	492
216	660
248	445
128	527
319	524
32	468
407	491
102	600
69	654
168	500
165	667
31	655
210	437
323	492
2	485
371	591
68	619
19	459
409	636
143	529
82	505
357	507
367	520
267	488
271	424
352	615
336	641
8	440
362	619
230	579
25	625
220	624
346	429
195	642
201	622
32	554
161	452
52	507
33	506
5	652
295	506
39	653
104	429
96	662
162	678
352	422
276	660
85	576
366	509
317	626
157	443
115	534
201	501
388	477
208	498
241	498
286	556
230	468
325	622
279	633
40	634
123	514
384	470
211	519
405	473
358	581
200	498
350	461
396	546
153	487
11	521
130	639
285	509
39	518
328	487
215	505
35	655
1	562
15	662
393	571
358	632
190	444
411	655
235	654
362	565
186	507
226	565
240	608
125	496
332	452
231	625
263	485
146	574
138	473
294	423
59	652
414	649
241	559
413	448
279	656
278	632
166	529
217	648
156	486
299	570
139	645
104	646
412	544
248	449
282	577
96	513
13	517
393	635
211	435
363	654
157	441
177	509
220	669
150	664
88	556
392	483
363	450
80	576
118	594
10	582
42	447
271	454
402	479
170	508
262	630
358	501
359	595
10	657
415	674
304	672
122	647
162	555
161	561
248	620
372	505
305	507
129	522
269	480
251	672
230	591
43	535
107	536
231	651
251	422
3	483
310	526
285	575
223	430
0	631
227	631
216	458
143	618
358	624
312	440
175	556
185	506
118	576
357	660
388	519
221	465
166	439
14	419
176	445
365	665
403	456
346	591
6	554
323	468
329	541
308	487
369	596
416	582
325	585
11	668
0	443
199	631
7	547
394	473
333	680
217	613
268	668
4	498
326	425
312	593
41	616
197	445
173	602
8	426
401	541
276	533
21	566
107	541
331	526
288	474
129	466
177	577
19	650
299	455
122	439
248	631
355	541
47	559
199	610
35	643
51	474
267	652
79	582
26	479
129	665
336	495
14	548
254	535
69	429
413	550
245	615
37	674
334	526
113	589
351	488
275	493
341	425
166	678
45	586
246	658
303	500
186	679
314	458
159	452
236	667
24	552
332	557
317	452
418	536
285	646
88	613
264	532
237	440
130	545
157	514
68	638
212	630
314	637
409	536
131	425
69	434
345	543
86	565
11	551
291	640
254	661
107	634
328	563
196	609
376	532
279	485
289	506
55	515
184	617
355	623
392	535
237	574
271	588
265	446
378	429
24	528
175	539
254	443
75	464
279	637
85	622
39	591
356	668
19	631
296	570
350	547
244	556
67	680
85	668
321	428
230	618
331	640
393	636
29	596
168	436
51	620
110	495
364	667
136	626
77	443
167	518
60	670
12	523
334	676
130	567
88	618
203	613
171	572
71	668
352	531
377	611
271	550
74	553
146	476
154	498
172	661
241	586
363	648
23	567
167	512
65	519
12	522
274	597
372	544
373	565
69	424
15	587
213	433
24	562
279	674
63	489
267	452
125	473
138	673
180	607
158	638
92	511
182	550
347	434
130	423
338	531
152	586
307	443
225	634
72	537
388	453
310	496
303	669
91	543
49	421
236	658
161	590
371	548
145	522
14	646
414	472
318	443
398	641
323	423
137	499
368	575
3	552
352	556
415	676
404	563
100	460
152	438
76	632
418	515
150	569
306	679
346	528
379	529
394	462
38	597
329	543
33	570
316	620
272	455
114	554
334	559
201	439
248	551
299	669
101	612
280	664
15	598
134	508
369	629
1	670
51	636
395	451
119	421
336	421
225	503
293	439
248	597
196	621
281	625
148	527
380	659
410	680
262	670
219	619
188	634
40	553
139	514
114	646
59	465
44	642
270	678
108	511
278	473
276	434
384	677
195	512
414	669
246	600
32	579
380	506
344	480
318	470
142	464
190	443
100	541
256	434
46	594
231	532
174	678
186	613
129	637
340	549
223	590
208	676
87	561
301	427
201	549
160	561
133	422
157	457
238	508
418	667
286	527
87	586
387	609
149	601
311	650
72	506
33	423
72	657
268	519
102	677
334	489
212	435
265	581
25	503
147	680
313	549
338	420
364	550
332	664
122	609
3	597
351	522
190	589
353	574
332	540
154	484
74	590
132	564
110	444
20	459
273	532
286	454
322	679
203	464
233	497
88	538
231	549
273	585
342	604
340	481
13	516
59	637
162	676
145	582
266	443
6	441
112	509
23	643
192	575
336	610
169	588
48	588
396	585
98	634
235	471
335	558
56	527
149	571
201	466
389	631
135	483
58	606
318	449
63	470
360	460
72	584
330	633
394	530
293	606
32	674
305	587
299	615
233	596
46	455
186	448
86	470
125	531
331	651
212	523
347	588
321	537
399	533
174	573
240	432
253	525
191	485
54	422
360	509
154	621
147	464
256	670
402	620
381	467
116	661
303	621
224	419
176	608
305	566
119	526
263	635
339	611
304	594
396	524
381	558
239	455
314	549
166	571
183	593
70	545
346	451
2	531
83	628
328	512
316	460
165	524
306	639
135	479
282	429
133	656
107	630
405	462
210	629
322	460
65	615
399	451
199	447
237	463
334	643
367	501
12	651
80	619
214	534
44	521
324	634
121	678
285	597
394	531
417	664
280	525
264	589
382	563
325	489
289	491
403	515
345	545
193	600
15	643
143	678
405	433
367	442
339	544
259	436
96	496
171	461
181	651
203	633
269	516
169	435
405	572
308	679
411	623
60	435
184	577
24	492
273	604
153	427
89	658
377	601
69	530
331	619
101	630
285	507
140	442
281	427
55	572
296	533
203	543
239	625
83	601
29	464
406	489
141	546
339	476
161	527
290	645
304	674
325	582
336	517
161	513
237	514
408	499
279	449
246	442
18	420
93	472
44	647
190	650
335	646
282	515
332	482
31	523
226	476
54	667
298	509
318	644
309	541
353	492
141	626
388	475
395	531
335	624
418	634
407	520
132	516
290	574
128	511
113	487
157	657
373	624
244	442
154	613
346	460
335	637
135	484
33	454
109	604
418	589
224	532
198	507
70	648
231	660
145	435
416	608
167	531
393	557
230	542
234	445
236	492
43	422
132	660
96	658
155	456
71	539
193	565
290	579
43	629
297	652
110	447
7	592
358	661
37	519
12	628
9	505
397	518
340	437
22	576
39	522
8	451
243	646
238	657
224	507
336	516
243	428
398	640
318	485
141	565
52	497
69	483
117	531
179	524
153	640
366	659
325	611
224	580
328	670
100	448
252	657
262	421
290	454
71	550
204	513
256	677
147	466
38	620
14	480
270	461
142	612
39	570
340	525
25	653
139	434
232	599
282	480
237	480
52	644
403	425
283	488
202	482
84	618
385	541
139	644
35	549
31	437
159	600
51	605
45	605
281	598
364	537
138	524
343	569
162	590
319	593
329	564
268	554
407	424
41	549
92	501
96	490
391	596
64	554
264	558
206	523
359	463
298	501
107	469
185	473
91	472
172	660
37	544
250	486
117	667
198	444
381	497
61	498
151	513
12	485
160	677
30	539
333	441
28	492
378	479
206	485
276	513
413	446
164	423
308	604
80	477
327	439
127	470
302	658
80	652
124	600
123	455
303	464
309	435
135	673
145	574
164	595
210	521
216	465
397	569
163	644
48	492
5	588
204	458
142	481
392	658
69	678
247	513
305	630
268	460
221	471
157	619
53	630
383	674
262	576
233	525
179	554
133	631
156	641
217	480
277	612
159	638
249	629
244	467
179	585
270	477
318	540
361	620
143	645
185	591
410	623
110	624
323	627
362	594
113	520
155	497
401	674
88	542
44	598
383	529
136	510
26	491
251	477
195	585
238	444
170	600
371	534
207	428
281	660
143	495
161	570
16	582
222	488
62	477
248	577
330	491
315	658
99	667
212	607
167	464
105	656
259	543
315	633
123	436
51	626
221	476
346	535
280	550
137	601
144	627
247	564
31	473
236	476
394	505
325	552
336	505
242	503
74	589
71	557
308	603
402	516
216	463
22	483
271	531
138	605
134	486
197	548
379	472
148	577
148	631
61	644
340	556
41	493
226	488
242	588
242	527
206	631
326	427
146	638
166	438
392	599
126	663
257	483
417	556
386	561
258	615
117	536
198	591
202	632
131	498
264	666
353	671
263	677
278	662
196	567
78	522
282	479
144	670
287	553
148	644
367	584
331	424
260	652
183	528
322	569
257	646
6	430
349	491
223	456
299	506
17	424
395	573
247	595
281	670
326	435
135	606
24	546
345	479
247	620
112	430
288	585
282	477
193	667
384	656
268	457
184	645
206	473
256	660
239	425
266	581
413	604
123	616
280	460
335	674
265	603
140	561
240	489
74	451
247	496
50	448
310	430
65	556
348	565
12	584
128	544
126	660
242	461
60	578
166	435
388	591
264	504
16	457
305	666
389	568
41	596
289	480
319	607
165	425
314	434
172	513
132	627
110	440
66	452
401	530
350	618
286	586
253	521
24	487
405	643
171	523
261	563
251	613
219	503
131	613
214	575
395	574
327	478
251	562
241	594
227	560
12	573
221	526
302	562
230	624
333	666
364	569
407	464
305	503
90	507
327	436
193	670
126	434
78	435
